req_id,artifact_path,line,kind
REQ-001,tests/acceptance/Acceptance.cs,11,failing-test
REQ-001,tests/acceptance/Acceptance.cs,15,failing-test
REQ-002,tests/acceptance/Acceptance.cs,18,failing-test
REQ-002,tests/acceptance/Acceptance.cs,22,failing-test
REQ-003,tests/acceptance/Acceptance.cs,25,failing-test
REQ-003,tests/acceptance/Acceptance.cs,29,failing-test
REQ-004,tests/acceptance/Acceptance.cs,32,failing-test
REQ-004,tests/acceptance/Acceptance.cs,36,failing-test
REQ-005,tests/acceptance/Acceptance.cs,39,failing-test
REQ-005,tests/acceptance/Acceptance.cs,43,failing-test
REQ-006,tests/acceptance/Acceptance.cs,46,failing-test
REQ-006,tests/acceptance/Acceptance.cs,50,failing-test
REQ-007,tests/acceptance/Acceptance.cs,53,failing-test
REQ-007,tests/acceptance/Acceptance.cs,57,failing-test
REQ-008,tests/acceptance/Acceptance.cs,60,failing-test
REQ-008,tests/acceptance/Acceptance.cs,64,failing-test
REQ-009,tests/acceptance/Acceptance.cs,67,failing-test
REQ-009,tests/acceptance/Acceptance.cs,71,failing-test
REQ-010,tests/acceptance/Acceptance.cs,74,failing-test
REQ-010,tests/acceptance/Acceptance.cs,78,failing-test
REQ-011,tests/acceptance/Acceptance.cs,81,failing-test
REQ-011,tests/acceptance/Acceptance.cs,85,failing-test
REQ-012,tests/acceptance/Acceptance.cs,88,failing-test
REQ-012,tests/acceptance/Acceptance.cs,92,failing-test
REQ-013,tests/acceptance/Acceptance.cs,95,failing-test
REQ-013,tests/acceptance/Acceptance.cs,99,failing-test
REQ-014,tests/acceptance/Acceptance.cs,102,failing-test
REQ-014,tests/acceptance/Acceptance.cs,106,failing-test
REQ-015,tests/acceptance/Acceptance.cs,109,failing-test
REQ-015,tests/acceptance/Acceptance.cs,113,failing-test
REQ-016,tests/acceptance/Acceptance.cs,116,failing-test
REQ-016,tests/acceptance/Acceptance.cs,120,failing-test
REQ-017,tests/acceptance/Acceptance.cs,123,failing-test
REQ-017,tests/acceptance/Acceptance.cs,127,failing-test
REQ-018,tests/acceptance/Acceptance.cs,130,failing-test
REQ-018,tests/acceptance/Acceptance.cs,134,failing-test
REQ-019,tests/acceptance/Acceptance.cs,137,failing-test
REQ-019,tests/acceptance/Acceptance.cs,141,failing-test
REQ-020,tests/acceptance/Acceptance.cs,144,failing-test
REQ-020,tests/acceptance/Acceptance.cs,148,failing-test
REQ-021,tests/acceptance/Acceptance.cs,151,failing-test
REQ-021,tests/acceptance/Acceptance.cs,155,failing-test
REQ-022,tests/acceptance/Acceptance.cs,158,failing-test
REQ-022,tests/acceptance/Acceptance.cs,162,failing-test
REQ-023,tests/acceptance/Acceptance.cs,165,failing-test
REQ-023,tests/acceptance/Acceptance.cs,169,failing-test
REQ-024,tests/acceptance/Acceptance.cs,172,failing-test
REQ-024,tests/acceptance/Acceptance.cs,176,failing-test
REQ-025,tests/acceptance/Acceptance.cs,179,failing-test
REQ-025,tests/acceptance/Acceptance.cs,183,failing-test
REQ-026,tests/acceptance/Acceptance.cs,186,failing-test
REQ-026,tests/acceptance/Acceptance.cs,190,failing-test
REQ-027,tests/acceptance/Acceptance.cs,193,failing-test
REQ-027,tests/acceptance/Acceptance.cs,197,failing-test
REQ-028,tests/acceptance/Acceptance.cs,200,failing-test
REQ-028,tests/acceptance/Acceptance.cs,204,failing-test
REQ-029,tests/acceptance/Acceptance.cs,207,failing-test
REQ-029,tests/acceptance/Acceptance.cs,211,failing-test
REQ-030,tests/acceptance/Acceptance.cs,214,failing-test
REQ-030,tests/acceptance/Acceptance.cs,218,failing-test
REQ-031,tests/acceptance/Acceptance.cs,221,failing-test
REQ-031,tests/acceptance/Acceptance.cs,225,failing-test
REQ-032,tests/acceptance/Acceptance.cs,228,failing-test
REQ-032,tests/acceptance/Acceptance.cs,232,failing-test
REQ-033,tests/acceptance/Acceptance.cs,235,failing-test
REQ-033,tests/acceptance/Acceptance.cs,239,failing-test
REQ-034,tests/acceptance/Acceptance.cs,242,failing-test
REQ-034,tests/acceptance/Acceptance.cs,246,failing-test
REQ-035,tests/acceptance/Acceptance.cs,249,failing-test
REQ-035,tests/acceptance/Acceptance.cs,253,failing-test
REQ-036,tests/acceptance/Acceptance.cs,256,failing-test
REQ-036,tests/acceptance/Acceptance.cs,260,failing-test
REQ-037,tests/acceptance/Acceptance.cs,263,failing-test
REQ-037,tests/acceptance/Acceptance.cs,267,failing-test
REQ-038,tests/acceptance/Acceptance.cs,270,failing-test
REQ-038,tests/acceptance/Acceptance.cs,274,failing-test
REQ-039,tests/acceptance/Acceptance.cs,277,failing-test
REQ-039,tests/acceptance/Acceptance.cs,281,failing-test
REQ-040,tests/acceptance/Acceptance.cs,284,failing-test
REQ-040,tests/acceptance/Acceptance.cs,288,failing-test
REQ-041,tests/acceptance/Acceptance.cs,291,failing-test
REQ-041,tests/acceptance/Acceptance.cs,295,failing-test
REQ-042,tests/acceptance/Acceptance.cs,298,failing-test
REQ-042,tests/acceptance/Acceptance.cs,302,failing-test
REQ-043,tests/acceptance/Acceptance.cs,305,failing-test
REQ-043,tests/acceptance/Acceptance.cs,309,failing-test
REQ-044,tests/acceptance/Acceptance.cs,312,failing-test
REQ-044,tests/acceptance/Acceptance.cs,316,failing-test
REQ-045,tests/acceptance/Acceptance.cs,319,failing-test
REQ-045,tests/acceptance/Acceptance.cs,323,failing-test
REQ-046,tests/acceptance/Acceptance.cs,326,failing-test
REQ-046,tests/acceptance/Acceptance.cs,330,failing-test
REQ-047,tests/acceptance/Acceptance.cs,333,failing-test
REQ-047,tests/acceptance/Acceptance.cs,337,failing-test
REQ-048,tests/acceptance/Acceptance.cs,340,failing-test
REQ-048,tests/acceptance/Acceptance.cs,344,failing-test
REQ-049,tests/acceptance/Acceptance.cs,347,failing-test
REQ-049,tests/acceptance/Acceptance.cs,351,failing-test
REQ-050,tests/acceptance/Acceptance.cs,354,failing-test
REQ-050,tests/acceptance/Acceptance.cs,358,failing-test
REQ-051,tests/acceptance/Acceptance.cs,361,failing-test
REQ-051,tests/acceptance/Acceptance.cs,365,failing-test
REQ-052,tests/acceptance/Acceptance.cs,368,failing-test
REQ-052,tests/acceptance/Acceptance.cs,372,failing-test
REQ-053,tests/acceptance/Acceptance.cs,375,failing-test
REQ-053,tests/acceptance/Acceptance.cs,379,failing-test
REQ-054,tests/acceptance/Acceptance.cs,382,failing-test
REQ-054,tests/acceptance/Acceptance.cs,386,failing-test
REQ-055,tests/acceptance/Acceptance.cs,389,failing-test
REQ-055,tests/acceptance/Acceptance.cs,393,failing-test
REQ-056,tests/acceptance/Acceptance.cs,396,failing-test
REQ-056,tests/acceptance/Acceptance.cs,400,failing-test
REQ-057,tests/acceptance/Acceptance.cs,403,failing-test
REQ-057,tests/acceptance/Acceptance.cs,407,failing-test
REQ-058,tests/acceptance/Acceptance.cs,410,failing-test
REQ-058,tests/acceptance/Acceptance.cs,414,failing-test
REQ-059,tests/acceptance/Acceptance.cs,417,failing-test
REQ-059,tests/acceptance/Acceptance.cs,421,failing-test
REQ-060,tests/acceptance/Acceptance.cs,424,failing-test
REQ-060,tests/acceptance/Acceptance.cs,428,failing-test
REQ-061,tests/acceptance/Acceptance.cs,431,failing-test
REQ-061,tests/acceptance/Acceptance.cs,435,failing-test
REQ-062,tests/acceptance/Acceptance.cs,438,failing-test
REQ-062,tests/acceptance/Acceptance.cs,442,failing-test
REQ-063,tests/acceptance/Acceptance.cs,445,failing-test
REQ-063,tests/acceptance/Acceptance.cs,449,failing-test
